indentation(m),F_avg(N),F_std(N)
0.0,0.0,0.0
5.405865400309751e-10,2.92608550419536e-13,3.1115916832154976e-13
1.0811730800619502e-09,5.85217100839072e-13,6.223183366430995e-13
1.6217596200929254e-09,8.778256512586086e-13,9.334775049646493e-13
2.1623461601239004e-09,1.170434201678144e-12,1.244636673286199e-12
2.7029327001548754e-09,1.4630427520976801e-12,1.5557958416077485e-12
3.243519240185851e-09,1.7556513025172173e-12,1.8669550099292987e-12
3.784105780216826e-09,2.0482598529367524e-12,2.178114178250848e-12
4.324692320247801e-09,2.340868403356288e-12,2.489273346572398e-12
4.865278860278776e-09,2.633476953775827e-12,2.8004325148939478e-12
5.405865400309751e-09,2.9260855041953602e-12,3.111591683215497e-12
5.946451940340726e-09,3.2186940546148978e-12,3.4227508515370464e-12
6.487038480371702e-09,3.5113026050344345e-12,3.733910019858597e-12
7.027625020402677e-09,3.803911155453969e-12,4.045069188180147e-12
7.568211560433652e-09,4.096519705873505e-12,4.356228356501696e-12
8.108798100464626e-09,4.389128256293042e-12,4.667387524823245e-12
8.649384640495602e-09,4.681736806712576e-12,4.978546693144796e-12
9.189971180526578e-09,4.974345357132118e-12,5.289705861466345e-12
9.730557720557552e-09,5.266953907551654e-12,5.6008650297878956e-12
1.0271144260588528e-08,5.5595624579711906e-12,5.912024198109444e-12
1.0811730800619502e-08,5.8521710083907205e-12,6.223183366430994e-12
1.1352317340650478e-08,6.144779558810259e-12,6.5343425347525435e-12
1.1892903880681452e-08,6.4373881092297956e-12,6.845501703074093e-12
1.2433490420712428e-08,6.7299966596493336e-12,7.156660871395645e-12
1.2974076960743403e-08,7.022605210068869e-12,7.467820039717195e-12
1.3514663500774378e-08,7.315213760488403e-12,7.778979208038742e-12
1.4055250040805353e-08,7.607822310907939e-12,8.090138376360293e-12
1.4595836580836328e-08,7.900430861327472e-12,8.401297544681842e-12
1.5136423120867303e-08,8.19303941174701e-12,8.712456713003392e-12
1.567700966089828e-08,8.485647962166552e-12,9.023615881324942e-12
1.6217596200929252e-08,8.778256512586084e-12,9.33477504964649e-12
1.6758182740960228e-08,9.070865063005621e-12,9.645934217968044e-12
1.7298769280991203e-08,9.363473613425152e-12,9.957093386289592e-12
1.783935582102218e-08,9.656082163844692e-12,1.026825255461114e-11
1.8379942361053155e-08,9.948690714264236e-12,1.057941172293269e-11
1.8920528901084128e-08,1.0241299264683771e-11,1.089057089125424e-11
1.9461115441115103e-08,1.0533907815103308e-11,1.1201730059575791e-11
2.000170198114608e-08,1.0826516365522842e-11,1.1512889227897338e-11
2.0542288521177055e-08,1.1119124915942381e-11,1.1824048396218888e-11
2.1082875061208028e-08,1.1411733466361915e-11,1.2135207564540438e-11
2.1623461601239003e-08,1.1704342016781441e-11,1.2446366732861988e-11
2.216404814126998e-08,1.1993576438502348e-11,1.2749513313372525e-11
2.2704634681300955e-08,1.2280410577613693e-11,1.304759045255947e-11
2.324522122133193e-08,1.2556885460938011e-11,1.3328490613383172e-11
2.3785807761362903e-08,1.2818552997401699e-11,1.357377143932937e-11
2.432639430139388e-08,1.3087317282953494e-11,1.380561331755164e-11
2.4866980841424855e-08,1.3365644014859006e-11,1.4021067985855433e-11
2.540756738145583e-08,1.3668636549638638e-11,1.4203500781419767e-11
2.5948153921486807e-08,1.3975022705646318e-11,1.4388766764980274e-11
2.648874046151778e-08,1.4280250489296361e-11,1.458115421878669e-11
2.7029327001548755e-08,1.458547827294641e-11,1.4777952440478323e-11
2.756991354157973e-08,1.489070605659645e-11,1.4978987581275196e-11
2.8110500081610707e-08,1.51959338402465e-11,1.5184091353548703e-11
2.865108662164168e-08,1.5501161623896547e-11,1.5393101121989257e-11
2.9191673161672655e-08,1.5806389407546596e-11,1.5605859948000954e-11
2.973225970170363e-08,1.6111617191196652e-11,1.5822216593366813e-11
3.027284624173461e-08,1.6416844974846676e-11,1.6042025488826615e-11
3.081343278176558e-08,1.6722072758496732e-11,1.6265146672774645e-11
3.135401932179656e-08,1.702730054214678e-11,1.6491445704835582e-11
3.1894605861827534e-08,1.7332528325796828e-11,1.6720793558625334e-11
3.2435192401858503e-08,1.7637756109446875e-11,1.6953066497561785e-11
3.297577894188948e-08,1.794298389309691e-11,1.718814593716541e-11
3.3516365481920455e-08,1.824821167674696e-11,1.742591829688749e-11
3.405695202195143e-08,1.855343946039701e-11,1.7666274844127714e-11
3.459753856198241e-08,1.885866724404706e-11,1.7909111532755596e-11
3.513812510201338e-08,1.9163895027697113e-11,1.8154328838132737e-11
3.567871164204436e-08,1.946912281134715e-11,1.840183159034436e-11
3.6219298182075334e-08,1.9774350594997206e-11,1.8651528807089557e-11
3.675988472210631e-08,2.007957837864726e-11,1.8903333527448175e-11
3.730047126213728e-08,2.03848061622973e-11,1.915716264753628e-11
3.7841057802168255e-08,2.0690033945947342e-11,1.9412936758881472e-11
3.838164434219923e-08,2.0995261729597395e-11,1.967057999018997e-11
3.892223088223021e-08,2.130048951324744e-11,1.9930019853039568e-11
3.946281742226118e-08,2.160571729689748e-11,2.019118709191214e-11
4.000340396229216e-08,2.191094508054753e-11,2.045401553887662e-11
4.0543990502323134e-08,2.221617286419757e-11,2.071844197314488e-11
4.108457704235411e-08,2.252140064784763e-11,2.09844059856479e-11
4.1625163582385086e-08,2.2826628431497683e-11,2.1251849848716184e-11
4.2165750122416055e-08,2.313185621514773e-11,2.1520718390895305e-11
4.270633666244703e-08,2.343708399879776e-11,2.1790958876883308e-11
4.324692320247801e-08,2.3742311782447822e-11,2.2062520892540324e-11
4.378750974250898e-08,2.4047539566097865e-11,2.2335356234891252e-11
4.432809628253996e-08,2.4352767349747902e-11,2.260941880701871e-11
4.4868682822570934e-08,2.4657995133397955e-11,2.2884664517724665e-11
4.540926936260191e-08,2.4962843190078318e-11,2.316012507460489e-11
4.5949855902632886e-08,2.5261673302653332e-11,2.3422080914450733e-11
4.649044244266386e-08,2.5555462553130503e-11,2.367605662236984e-11
4.703102898269483e-08,2.5833153318794443e-11,2.3907535672987943e-11
4.757161552272581e-08,2.6098063137505725e-11,2.4126254724233937e-11
4.811220206275678e-08,2.634952362038965e-11,2.433338007680084e-11
4.865278860278776e-08,2.661256754460568e-11,2.4528493314421446e-11
4.9193375142818734e-08,2.6906525990448483e-11,2.4699999815162966e-11
4.973396168284971e-08,2.7229597867566946e-11,2.4841388633731884e-11
5.0274548222880686e-08,2.756748705869055e-11,2.4959608191865506e-11
5.081513476291166e-08,2.7908355096496474e-11,2.507632624681948e-11
5.135572130294264e-08,2.825219223778721e-11,2.518639275819609e-11
5.1896307842973614e-08,2.8597121320745905e-11,2.5295870848159024e-11
5.243689438300458e-08,2.894205040370463e-11,2.5408339082055083e-11
5.297748092303556e-08,2.928697948666333e-11,2.5523757932482246e-11
5.3518067463066534e-08,2.9631908569622065e-11,2.564208755597971e-11
5.405865400309751e-08,2.997683765258078e-11,2.5763287845428922e-11
5.4599240543128486e-08,3.032176673553949e-11,2.588731848086314e-11
5.513982708315946e-08,3.06666958184982e-11,2.6014138978604842e-11
5.568041362319044e-08,3.101162490145691e-11,2.6143708738662427e-11
5.6221000163221414e-08,3.135655398441563e-11,2.6275987090329763e-11
5.676158670325239e-08,3.1701483067374346e-11,2.6410933335943587e-11
5.730217324328336e-08,3.204641215033306e-11,2.6548506792764308e-11
5.7842759783314334e-08,3.2391341233291773e-11,2.668866683295675e-11
5.838334632334531e-08,3.273627031625048e-11,2.683137292165638e-11
5.8923932863376286e-08,3.308119939920918e-11,2.697658465311615e-11
5.946451940340726e-08,3.3426128482167924e-11,2.7124261784937206e-11
6.000510594343824e-08,3.3771057565126615e-11,2.727436427039473e-11
6.054569248346921e-08,3.411598664808535e-11,2.7426852288877062e-11
6.108627902350019e-08,3.4460915731044055e-11,2.7581686274462887e-11
6.162686556353117e-08,3.480584481400278e-11,2.7738826942666917e-11
6.216745210356214e-08,3.515077389696148e-11,2.789823531538995e-11
6.270803864359312e-08,3.549570297992022e-11,2.8059872744113334e-11
6.324862518362409e-08,3.5840632062878915e-11,2.8223700931382377e-11
6.378921172365507e-08,3.618556114583764e-11,2.8389681950626196e-11
6.432979826368603e-08,3.653049022879632e-11,2.8557778264364755e-11
6.487038480371701e-08,3.6875419311755065e-11,2.872795274085597e-11
6.541097134374798e-08,3.7220348394713776e-11,2.8900168669237924e-11
6.595155788377896e-08,3.756527747767247e-11,2.907438977322249e-11
6.649214442380993e-08,3.791020656063121e-11,2.925058022339804e-11
6.703273096384091e-08,3.825513564358991e-11,2.942870464819921e-11
6.757331750387189e-08,3.8600064726548617e-11,2.960872814360244e-11
6.811390404390286e-08,3.894499380950733e-11,2.979061628160596e-11
6.865449058393384e-08,3.9289922892466057e-11,2.997433511755237e-11
6.919507712396481e-08,3.96338030600536e-11,3.0157892723585915e-11
6.973566366399579e-08,3.997404986856557e-11,3.0334703077822245e-11
7.027625020402677e-08,4.031414139481293e-11,3.0511479132699326e-11
7.081683674405774e-08,4.0658806394835195e-11,3.0695070956424067e-11
7.135742328408872e-08,4.101758223368085e-11,3.089245117776401e-11
7.189800982411969e-08,4.138104801360909e-11,3.1093804932187965e-11
7.243859636415067e-08,4.176241650870349e-11,3.129968973421299e-11
7.297918290418164e-08,4.2172068213861556e-11,3.149189869560823e-11
7.351976944421262e-08,4.26132542446755e-11,3.165671187702722e-11
7.40603559842436e-08,4.308323057446648e-11,3.178746265940534e-11
7.460094252427456e-08,4.3569753288852825e-11,3.190516373480932e-11
7.514152906430553e-08,4.405911563571913e-11,3.2019629581572764e-11
7.568211560433651e-08,4.454962574541694e-11,3.213446537485712e-11
7.622270214436749e-08,4.504696167124481e-11,3.2228355219296504e-11
7.676328868439846e-08,4.554429759707272e-11,3.232593323738837e-11
7.730387522442944e-08,4.6041633522900624e-11,3.242716613441102e-11
7.784446176446041e-08,4.653896944872856e-11,3.2532019790707194e-11
7.838504830449139e-08,4.7036305374556454e-11,3.264045931249904e-11
7.892563484452237e-08,4.753364130038435e-11,3.2752449082664264e-11
7.946622138455334e-08,4.803097722621225e-11,3.286795281132966e-11
8.000680792458432e-08,4.8528313152040154e-11,3.298693358614499e-11
8.054739446461529e-08,4.902564907786807e-11,3.310935392210721e-11
8.108798100464627e-08,4.952298500369598e-11,3.323517581081288e-11
8.162856754467724e-08,5.0020320929523885e-11,3.3364360769024114e-11
8.216915408470822e-08,5.051765685535178e-11,3.3496869886441896e-11
8.27097406247392e-08,5.1014992781179715e-11,3.3632663872588353e-11
8.325032716477017e-08,5.151232870700762e-11,3.377170310270819e-11
8.379091370480115e-08,5.20096646328355e-11,3.391394766260776e-11
8.433150024483211e-08,5.250700055866339e-11,3.405935739235836e-11
8.487208678486309e-08,5.30043364844913e-11,3.420789192879858e-11
8.541267332489406e-08,5.350167241031921e-11,3.4359510746778676e-11
8.595325986492504e-08,5.3999008336147134e-11,3.451417319909755e-11
8.649384640495601e-08,5.4496344261975036e-11,3.467183855509073e-11
8.703443294498699e-08,5.499368018780294e-11,3.4832466037834866e-11
8.757501948501797e-08,5.5491016113630847e-11,3.4996014859941277e-11
8.811560602504894e-08,5.598835203945876e-11,3.516244425791828e-11
8.865619256507992e-08,5.6485687965286663e-11,3.533171352508762e-11
8.919677910511089e-08,5.6983023891114566e-11,3.5503782043046866e-11
8.973736564514187e-08,5.748035981694244e-11,3.567860931167531e-11
9.027795218517284e-08,5.797769574277036e-11,3.585615497768576e-11
9.081853872520382e-08,5.847503166859827e-11,3.603637886173003e-11
9.13591252652348e-08,5.897236759442617e-11,3.6219240984070014e-11
9.189971180526577e-08,5.946970352025409e-11,3.6404701588830494e-11
9.244029834529675e-08,5.996673585356587e-11,3.6591898298885904e-11
9.298088488532772e-08,6.0466271939351e-11,3.6783578119825324e-11
9.35214714253587e-08,6.096684808029111e-11,3.6977849438136765e-11
9.406205796538966e-08,6.146216180378533e-11,3.7163144904424576e-11
9.460264450542064e-08,6.197510891258963e-11,3.737196550412767e-11
9.514323104545161e-08,6.25117389888047e-11,3.7598718248688776e-11
9.568381758548259e-08,6.307478878130279e-11,3.783294848246722e-11
9.622440412551357e-08,6.368611249758882e-11,3.8061264061456445e-11
9.676499066554454e-08,6.43116126491121e-11,3.8285987728625785e-11
9.730557720557552e-08,6.495103153802076e-11,3.850555971347962e-11
9.784616374560649e-08,6.560855209489509e-11,3.8709781360111985e-11
9.838675028563747e-08,6.62684238203434e-11,3.8914418204810083e-11
9.892733682566844e-08,6.693101899100022e-11,3.9118936867444413e-11
9.946792336569942e-08,6.760165252261261e-11,3.9306876681274745e-11
1.000085099057304e-07,6.827480578170773e-11,3.9491579837602524e-11
1.0054909644576137e-07,6.894804580919669e-11,3.96800748904595e-11
1.0108968298579235e-07,6.962128583668565e-11,3.987256466692277e-11
1.0163026952582332e-07,7.029452586417463e-11,4.006899159557333e-11
1.021708560658543e-07,7.096776589166355e-11,4.026929806213464e-11
1.0271144260588528e-07,7.164100591915257e-11,4.047342646614788e-11
1.0325202914591625e-07,7.231424594664153e-11,4.0681319275154336e-11
1.0379261568594723e-07,7.298748597413045e-11,4.0892919076364945e-11
1.0433320222597819e-07,7.366072600161941e-11,4.110816862580897e-11
1.0487378876600917e-07,7.433396602910839e-11,4.132701089496412e-11
1.0541437530604014e-07,7.500720605659739e-11,4.1549389114880457e-11
1.0595496184607112e-07,7.568044608408634e-11,4.177524681781946e-11
1.0649554838610209e-07,7.63536861115753e-11,4.200452787643789e-11
1.0703613492613307e-07,7.702692613906424e-11,4.2237176540553534e-11
1.0757672146616404e-07,7.770016616655324e-11,4.247313747153662e-11
1.0811730800619502e-07,7.837340619404222e-11,4.2712355774376765e-11
1.08657894546226e-07,7.904664622153119e-11,4.295477702748029e-11
1.0919848108625697e-07,7.971988624902016e-11,4.320034731025766e-11
1.0973906762628795e-07,8.039312627650914e-11,4.3449013228564215e-11
1.1027965416631892e-07,8.10663663039981e-11,4.3700721938061115e-11
1.108202407063499e-07,8.173960633148706e-11,4.395542116556555e-11
1.1136082724638088e-07,8.241284635897601e-11,4.421305922846197e-11
1.1190141378641185e-07,8.308608638646505e-11,4.4473585052247e-11
1.1244200032644283e-07,8.375932641395396e-11,4.473694818628259e-11
1.129825868664738e-07,8.443256644144296e-11,4.500309881783192e-11
1.1352317340650478e-07,8.510580646893191e-11,4.5271987784453224e-11
1.1406375994653574e-07,8.577904649642091e-11,4.55435665848267e-11
1.1460434648656672e-07,8.645228652390984e-11,4.581778738808902e-11
1.1514493302659769e-07,8.712552655139883e-11,4.609460304174926e-11
1.1568551956662867e-07,8.780392402508704e-11,4.638480004494137e-11
1.1622610610665964e-07,8.848790184533262e-11,4.6685738248860206e-11
1.1676669264669062e-07,8.91801172510172e-11,4.700115033266946e-11
1.173072791867216e-07,8.988911515787251e-11,4.733711104051655e-11
1.1784786572675257e-07,9.060161104854317e-11,4.76763263296134e-11
1.1838845226678355e-07,9.132502360385128e-11,4.8024203632859546e-11
1.1892903880681452e-07,9.208049939821969e-11,4.838398691758259e-11
1.194696253468455e-07,9.288046395435323e-11,4.8744799430766417e-11
1.2001021188687648e-07,9.371306754640705e-11,4.909920680021381e-11
1.2055079842690745e-07,9.457096191708514e-11,4.9439455625313796e-11
1.2109138496693843e-07,9.54528835860491e-11,4.9762586383603547e-11
1.216319715069694e-07,9.636151852131574e-11,5.005675002654861e-11
1.2217255804700038e-07,9.726917802001849e-11,5.035491381804275e-11
1.2271314458703135e-07,9.817557535833882e-11,5.066024766280206e-11
1.2325373112706233e-07,9.908154919333787e-11,5.09718207916917e-11
1.237943176670933e-07,9.998672628185324e-11,5.1290392917769334e-11
1.2433490420712428e-07,1.008919033703685e-10,5.1614021338634364e-11
1.2487549074715526e-07,1.0179708045888384e-10,5.194261154464471e-11
1.2541607728718623e-07,1.0270225754739923e-10,5.227606997142882e-11
1.259566638272172e-07,1.0360743463591458e-10,5.261430405778072e-11
1.2649725036724819e-07,1.0451261172442995e-10,5.2957222298365426e-11
1.2703783690727916e-07,1.054177888129453e-10,5.3304734291424756e-11
1.2757842344731014e-07,1.0632296590146064e-10,5.365675078167994e-11
1.281190099873411e-07,1.0722814298997595e-10,5.401318369863267e-11
1.2865959652737206e-07,1.0813332007849128e-10,5.437394619047043e-11
1.2920018306740304e-07,1.0903849716700661e-10,5.4738952653783276e-11
1.2974076960743401e-07,1.09943674255522e-10,5.510811875929981e-11
1.30281356147465e-07,1.1084885134403739e-10,5.548136147385054e-11
1.3082194268749597e-07,1.117540284325527e-10,5.585859907876365e-11
1.3136252922752694e-07,1.1265920552106804e-10,5.623975118489639e-11
1.3190311576755792e-07,1.1356438260958339e-10,5.6624738744501677e-11
1.324437023075889e-07,1.1446955969809878e-10,5.7013484060124696e-11
1.3298428884761987e-07,1.1537473678661413e-10,5.740591079072025e-11
1.3352487538765084e-07,1.1627991387512944e-10,5.7801943955174916e-11
1.3406546192768182e-07,1.171850909636448e-10,5.8201509933413624e-11
1.346060484677128e-07,1.180902680521602e-10,5.860453646526281e-11
1.3514663500774377e-07,1.1899544514067543e-10,5.901095264723664e-11
1.3568722154777475e-07,1.1990062222919084e-10,5.942068892740561e-11
1.3622780808780572e-07,1.208057993177062e-10,5.983367709850043e-11
1.367683946278367e-07,1.2171097640622153e-10,6.02498502893969e-11
1.3730898116786768e-07,1.2262592088077966e-10,6.069377194658683e-11
1.3784956770789865e-07,1.2354656343290775e-10,6.115382300968976e-11
1.3839015424792963e-07,1.2447056049336128e-10,6.162591972656451e-11
1.389307407879606e-07,1.2539650199307336e-10,6.210331694608242e-11
1.3947132732799158e-07,1.2633468785348877e-10,6.260183266967218e-11
1.4001191386802255e-07,1.2728179665062824e-10,6.311440637445397e-11
1.4055250040805353e-07,1.282757786430386e-10,6.36752933940767e-11
1.410930869480845e-07,1.2928177322260046e-10,6.425021272617238e-11
1.4163367348811548e-07,1.30323267004578e-10,6.484344933633502e-11
1.4217426002814646e-07,1.3139710725734478e-10,6.544804460040137e-11
1.4271484656817743e-07,1.3251193156021895e-10,6.605821581207757e-11
1.432554331082084e-07,1.3366764500489256e-10,6.666889902256993e-11
1.4379601964823939e-07,1.3487543622096864e-10,6.7258587589149e-11
1.4433660618827036e-07,1.361168993027919e-10,6.783276798478973e-11
1.4487719272830134e-07,1.373773325393885e-10,6.839711284634237e-11
1.454177792683323e-07,1.3865077859408776e-10,6.895320331694481e-11
1.459583658083633e-07,1.3993479049243064e-10,6.95035571332184e-11
1.4649895234839426e-07,1.4121986414803248e-10,7.006009091419958e-11
1.4703953888842524e-07,1.4250601920869076e-10,7.06224111577062e-11
1.4758012542845622e-07,1.4379217426934893e-10,7.119240027878586e-11
1.481207119684872e-07,1.4507832933000716e-10,7.176987556131193e-11
1.4866129850851814e-07,1.4636448439066528e-10,7.235465776038264e-11
1.4920188504854912e-07,1.476506394513236e-10,7.294657114671376e-11
1.497424715885801e-07,1.4893679451198181e-10,7.354544353940368e-11
1.5028305812861107e-07,1.5022294957264004e-10,7.41511063279384e-11
1.5082364466864204e-07,1.5150910463329816e-10,7.476339448427556e-11
1.5136423120867302e-07,1.5279525969395642e-10,7.538214656581592e-11
1.51904817748704e-07,1.5408141475461472e-10,7.6007204710037e-11
1.5244540428873497e-07,1.5536756981527287e-10,7.663841462152879e-11
1.5298599082876595e-07,1.5665372487593112e-10,7.727562555213523e-11
1.5352657736879692e-07,1.579398799365893e-10,7.791869027486822e-11
1.540671639088279e-07,1.5922603499724753e-10,7.856746505222399e-11
1.5460775044885888e-07,1.6051219005790586e-10,7.922180959949477e-11
1.5514833698888985e-07,1.6179834511856398e-10,7.98815870436319e-11
1.5568892352892083e-07,1.6308450017922218e-10,8.05466638781808e-11
1.562295100689518e-07,1.6437065523988043e-10,8.121690991477397e-11
1.5677009660898278e-07,1.6565681030053856e-10,8.189219823163224e-11
1.5731068314901375e-07,1.6694296536119689e-10,8.257240511949476e-11
1.5785126968904473e-07,1.682483219014254e-10,8.33110093356701e-11
1.583918562290757e-07,1.695686625831948e-10,8.409548699264555e-11
1.5893244276910668e-07,1.7090293478109623e-10,8.491894232895081e-11
1.5947302930913766e-07,1.7224946411824004e-10,8.577273265473241e-11
1.6001361584916863e-07,1.7361578376702852e-10,8.666776550795617e-11
1.605542023891996e-07,1.7499156651658246e-10,8.758760669742263e-11
1.6109478892923059e-07,1.763857693123586e-10,8.853917664139512e-11
1.6163537546926156e-07,1.77827824849097e-10,8.955691852639515e-11
1.6217596200929254e-07,1.7928477325975837e-10,9.059848514389582e-11
1.627165485493235e-07,1.8078256537986222e-10,9.167783378050588e-11
1.632571350893545e-07,1.82310703877528e-10,9.279190404802179e-11
1.6379772162938546e-07,1.8386668287949766e-10,9.392856507026169e-11
1.6433830816941644e-07,1.8544327055454136e-10,9.507977198900928e-11
1.6487889470944742e-07,1.8705762062930965e-10,9.624064515717104e-11
1.654194812494784e-07,1.8869176912412957e-10,9.74083259319273e-11
1.6596006778950937e-07,1.9034582022765415e-10,9.857976842520655e-11
1.6650065432954034e-07,1.920436524168003e-10,9.973996629032913e-11
1.6704124086957132e-07,1.9377129017952306e-10,1.0089374289802648e-10
1.675818274096023e-07,1.9551918094171411e-10,1.0204248270351705e-10
1.6812241394963325e-07,1.9729087376740136e-10,1.0318086634306935e-10
1.6866300048966422e-07,1.9908155941566831e-10,1.043101010566538e-10
1.692035870296952e-07,2.008972299454474e-10,1.0542358929091017e-10
1.6974417356972617e-07,2.0271718659375388e-10,1.065415352317935e-10
1.7028476010975715e-07,2.0454713914962e-10,1.0765325155001543e-10
1.7082534664978812e-07,2.063749448032515e-10,1.0877722762807388e-10
1.713659331898191e-07,2.0820130465753372e-10,1.0991197899715951e-10
1.7190651972985008e-07,2.1002766451181606e-10,1.1105486131831986e-10
1.7244710626988105e-07,2.1185402436609832e-10,1.1220562613580239e-10
1.7298769280991203e-07,2.1368038422038053e-10,1.1336403340284185e-10
1.73528279349943e-07,2.1550674407466287e-10,1.1452985122198846e-10
1.7406886588997398e-07,2.1733310392894513e-10,1.157028555880881e-10
1.7460945243000495e-07,2.191594637832274e-10,1.1688283013463572e-10
1.7515003897003593e-07,2.2098582363750963e-10,1.1806956588411438e-10
1.756906255100669e-07,2.2283120967733748e-10,1.1932444355080855e-10
1.7623121205009788e-07,2.2469979685918637e-10,1.2066213461159132e-10
1.7677179859012886e-07,2.2658518824584258e-10,1.220524657590576e-10
1.7731238513015983e-07,2.2852193687051033e-10,1.2358716533924933e-10
1.778529716701908e-07,2.3047392804927608e-10,1.2516639248027402e-10
1.7839355821022179e-07,2.3247124992142897e-10,1.268595425570824e-10
1.7893414475025276e-07,2.3448176486838466e-10,1.2859049592587864e-10
1.7947473129028374e-07,2.3649227981534056e-10,1.3033191132731522e-10
1.8001531783031471e-07,2.3850279476229636e-10,1.3208337496102766e-10
1.805559043703457e-07,2.4053916650449753e-10,1.3388700376037337e-10
1.8109649091037666e-07,2.426237989550009e-10,1.3577484619428395e-10
1.8163707745040764e-07,2.447143988499943e-10,1.376812233189706e-10
1.8217766399043862e-07,2.4684549477979167e-10,1.3964466930896395e-10
1.827182505304696e-07,2.4899442849671765e-10,1.4163687975889378e-10
1.8325883707050057e-07,2.511531732922412e-10,1.436496900261983e-10
1.8379942361053154e-07,2.5331164766654173e-10,1.456729502135168e-10
1.8434001015056252e-07,2.5549601742643783e-10,1.4772041795028397e-10
1.848805966905935e-07,2.5771574084514337e-10,1.4979528706405288e-10
1.8542118323062447e-07,2.5995617502402357e-10,1.5188571861955513e-10
1.8596176977065545e-07,2.622211318410491e-10,1.5398934946594053e-10
1.8650235631068642e-07,2.645205035997348e-10,1.56102790484914e-10
1.870429428507174e-07,2.668299854615205e-10,1.5822230278804269e-10
1.8758352939074837e-07,2.69182500894001e-10,1.6034420206090574e-10
1.8812411593077932e-07,2.7157893284723833e-10,1.624653703363999e-10
1.886647024708103e-07,2.7401215915806194e-10,1.6458073529133136e-10
1.8920528901084128e-07,2.764760684861006e-10,1.666904908037775e-10
1.8974587555087225e-07,2.7899486193116737e-10,1.6890354391696061e-10
1.9028646209090323e-07,2.8154802831110035e-10,1.7119141765861277e-10
1.908270486309342e-07,2.8413023899113575e-10,1.7346753449819988e-10
1.9136763517096518e-07,2.8672964051522196e-10,1.757435842420106e-10
1.9190822171099616e-07,2.8938033318086717e-10,1.7819835354611916e-10
1.9244880825102713e-07,2.920893737973326e-10,1.8080325667781253e-10
1.929893947910581e-07,2.948016519729747e-10,1.834176539806754e-10
1.9352998133108908e-07,2.975198569524791e-10,1.8603575446953956e-10
1.9407056787112006e-07,3.002536201854631e-10,1.887044518003421e-10
1.9461115441115103e-07,3.030017768261238e-10,1.9140279695124102e-10
1.95151740951182e-07,3.057636386922933e-10,1.9411841555772551e-10
1.9569232749121299e-07,3.085373052687781e-10,1.968675569252601e-10
1.9623291403124396e-07,3.1131162900354334e-10,1.9962758277699226e-10
1.9677350057127494e-07,3.1409268770178557e-10,2.0240836006419946e-10
1.9731408711130591e-07,3.168829559886729e-10,2.0521331524790098e-10
1.978546736513369e-07,3.1968462666175457e-10,2.0804519878350377e-10
1.9839526019136787e-07,3.224862973348361e-10,2.108850555190989e-10
1.9893584673139884e-07,3.252879680079177e-10,2.13732567636081e-10
1.9947643327142982e-07,3.280896386809991e-10,2.1658743319482565e-10
2.000170198114608e-07,3.3089130935408074e-10,2.1944936520784652e-10
2.0055760635149177e-07,3.3373084568747315e-10,2.2236131625990863e-10
2.0109819289152274e-07,3.3659282137216176e-10,2.253029088948655e-10
2.0163877943155372e-07,3.3947265262274507e-10,2.2832380520803917e-10
2.021793659715847e-07,3.4237939367550853e-10,2.3141618615518735e-10
2.0271995251161567e-07,3.452954957810764e-10,2.3452221322121595e-10
2.0326053905164665e-07,3.482164613830992e-10,2.376375993261371e-10
2.0380112559167762e-07,3.5114305998925195e-10,2.407620443754003e-10
2.043417121317086e-07,3.5411685641293963e-10,2.4395352428077727e-10
2.0488229867173957e-07,3.571882446258267e-10,2.474044727708602e-10
2.0542288521177055e-07,3.602927164258015e-10,2.5089095996076965e-10
2.0596347175180153e-07,3.634246560953056e-10,2.543912791831588e-10
2.065040582918325e-07,3.665577145207641e-10,2.578984241068599e-10
2.0704464483186348e-07,3.697314622231044e-10,2.614625914159188e-10
2.0758523137189445e-07,3.729684730258171e-10,2.6508860730129334e-10
2.081258179119254e-07,3.762496201244887e-10,2.6871818802448986e-10
2.0866640445195638e-07,3.795557364236022e-10,2.723524607128361e-10
2.0920699099198736e-07,3.8288172195958594e-10,2.759898646121744e-10
2.0974757753201833e-07,3.8625069976997477e-10,2.7962354171952224e-10
2.102881640720493e-07,3.896533672192693e-10,2.832528532259975e-10
2.1082875061208028e-07,3.930624152791898e-10,2.8688578226074494e-10
2.1136933715211126e-07,3.964948381431641e-10,2.9051398529324895e-10
2.1190992369214223e-07,3.9999963918590897e-10,2.9424429614945433e-10
2.124505102321732e-07,4.035352073602052e-10,2.9804021795047974e-10
2.1299109677220419e-07,4.07083993249492e-10,3.0183450255008856e-10
2.1353168331223516e-07,4.106807237793338e-10,3.056931349761658e-10
2.1407226985226614e-07,4.1430167058275805e-10,3.0959038234784975e-10
2.1461285639229711e-07,4.179269393305162e-10,3.1349550866864185e-10
2.151534429323281e-07,4.215638545595709e-10,3.174085747561805e-10
2.1569402947235907e-07,4.252550094188523e-10,3.214769911545938e-10
2.1623461601239004e-07,4.289562497342064e-10,3.2561065042525973e-10
2.1677520255242102e-07,4.326854374130468e-10,3.298503155724981e-10
2.17315789092452e-07,4.364181021673325e-10,3.340924630455263e-10
2.1785637563248297e-07,4.401540170202978e-10,3.383271591796084e-10
2.1839696217251394e-07,4.4390567559652025e-10,3.4256004744171076e-10
2.1893754871254492e-07,4.476667758775142e-10,3.4680747060293765e-10
2.194781352525759e-07,4.514272937958523e-10,3.510609480439597e-10
2.2001872179260687e-07,4.5519305865345893e-10,3.553225203212355e-10
2.2055930833263785e-07,4.589892641938722e-10,3.596112616149119e-10
2.2109989487266882e-07,4.627927932232861e-10,3.6390955116662643e-10
2.216404814126998e-07,4.665963222527e-10,3.6821270293589426e-10
2.2218106795273078e-07,4.703998512821135e-10,3.725205484257929e-10
2.2272165449276175e-07,4.742575893878863e-10,3.7701042126618313e-10
2.2326224103279273e-07,4.781454414873031e-10,3.8153756245299443e-10
2.238028275728237e-07,4.820621628651151e-10,3.8609494061228166e-10
2.2434341411285468e-07,4.860309822488181e-10,3.907178300981973e-10
2.2488400065288565e-07,4.900193016446155e-10,3.953629254897795e-10
2.2542458719291663e-07,4.940227628429417e-10,4.0001709386592257e-10
2.259651737329476e-07,4.980452214665938e-10,4.046788617161519e-10
2.2650576027297858e-07,5.020891029199242e-10,4.0934693774951324e-10
2.2704634681300956e-07,5.061559731731382e-10,4.1402099967930677e-10
2.275869333530405e-07,5.103423405407676e-10,4.190095288084418e-10
2.2812751989307148e-07,5.145929530770797e-10,4.241139729185224e-10
2.2866810643310246e-07,5.188568186719692e-10,4.292247461140887e-10
2.2920869297313343e-07,5.231497844323915e-10,4.343847466600313e-10
2.297492795131644e-07,5.274697582460922e-10,4.395437801065709e-10
2.3028986605319539e-07,5.318207582440965e-10,4.4470575805935006e-10
2.3083045259322636e-07,5.361967114918473e-10,4.4988016927781594e-10
2.3137103913325734e-07,5.406473320316473e-10,4.551390601052226e-10
2.3191162567328831e-07,5.451278067213856e-10,4.60432156449798e-10
2.324522122133193e-07,5.496263539169714e-10,4.657216809447614e-10
2.3299279875335027e-07,5.541351412881279e-10,4.710102357167808e-10
2.3353338529338124e-07,5.586547099409403e-10,4.762974894887983e-10
2.3407397183341222e-07,5.632016593445511e-10,4.81627890842392e-10
2.346145583734432e-07,5.677624871020108e-10,4.869654380186668e-10
2.3515514491347417e-07,5.724067330958822e-10,4.923909310672402e-10
2.3569573145350514e-07,5.771214659475039e-10,4.978996591199181e-10
2.3623631799353612e-07,5.818317066490773e-10,5.033801036777894e-10
2.367769045335671e-07,5.865568688064302e-10,5.088775147923286e-10
2.3731749107359807e-07,5.913077161421205e-10,5.143859344817097e-10
2.3785807761362905e-07,5.960742936980142e-10,5.198970050033448e-10
2.3839866415366002e-07,6.008466735610929e-10,5.254103605507488e-10
2.38939250693691e-07,6.056257160292075e-10,5.309258450065035e-10
2.39479837233722e-07,6.104026470982394e-10,5.364464461658476e-10
2.4002042377375295e-07,6.152889675192133e-10,5.422894020476613e-10
2.4056101031378393e-07,6.202037237770527e-10,5.482351842397436e-10
2.411015968538149e-07,6.251522613578653e-10,5.541868279190035e-10
2.416421833938459e-07,6.301173549703994e-10,5.601416601732914e-10
2.4218276993387685e-07,6.350885728647496e-10,5.661007230858496e-10
2.4272335647390783e-07,6.401078336221742e-10,5.721698380380311e-10
2.432639430139388e-07,6.451732317175855e-10,5.783752796074738e-10
2.438045295539698e-07,6.502590304996467e-10,5.845844619609536e-10
2.4434511609400076e-07,6.553707748905929e-10,5.908010236002497e-10
2.4488570263403173e-07,6.605613429213659e-10,5.970748385665396e-10
2.454262891740627e-07,6.657937583453417e-10,6.034202769318696e-10
2.459668757140937e-07,6.710885816589623e-10,6.099496177188018e-10
2.4650746225412466e-07,6.764327799406919e-10,6.164866256922767e-10
2.4704804879415564e-07,6.817950733475346e-10,6.230291765445645e-10
2.475886353341866e-07,6.871626945890156e-10,6.295743606103175e-10
2.481292218742176e-07,6.925418380789394e-10,6.36122257108399e-10
2.4866980841424856e-07,6.979656429911559e-10,6.426867261045338e-10
2.4921039495427954e-07,7.034118053877881e-10,6.492500129549095e-10
2.497509814943105e-07,7.088937268229033e-10,6.558224057878194e-10
2.502915680343415e-07,7.144029471648171e-10,6.623463242510101e-10
2.5083215457437247e-07,7.199268419184325e-10,6.688194394152859e-10
2.5137274111440344e-07,7.254625718128294e-10,6.752958179135549e-10
2.519133276544344e-07,7.310317321530596e-10,6.818058952975204e-10
2.524539141944654e-07,7.366231360057838e-10,6.883139988263576e-10
2.5299450073449637e-07,7.422266277945579e-10,6.948198492995587e-10
2.5353508727452735e-07,7.478338525945205e-10,7.013261794797139e-10
2.540756738145583e-07,7.534845068879277e-10,7.078713219980327e-10
2.546162603545893e-07,7.59223590950628e-10,7.145966377308475e-10
2.551568468946203e-07,7.650157114028819e-10,7.214203802160989e-10
2.5569743343465125e-07,7.708110157484765e-10,7.282621666044686e-10
2.562380199746822e-07,7.76636805906219e-10,7.35189868135649e-10
2.567786065147132e-07,7.82459891930244e-10,7.420810990188246e-10
2.573191930547441e-07,7.883039207852354e-10,7.48935980731354e-10
2.578597795947751e-07,7.941942481168926e-10,7.558117316645931e-10
2.584003661348061e-07,8.001202279389462e-10,7.626963773875528e-10
2.5894095267483705e-07,8.061365422260691e-10,7.698585532754279e-10
2.5948153921486803e-07,8.121912268789068e-10,7.77117531621455e-10
2.60022125754899e-07,8.182843121983631e-10,7.843790634221797e-10
2.6056271229493e-07,8.244530554678411e-10,7.916871035463034e-10
2.6110329883496096e-07,8.30622872113914e-10,7.990046560648583e-10
2.6164388537499193e-07,8.367854772015965e-10,8.063075523139151e-10
2.621844719150229e-07,8.429496594410974e-10,8.135792845697909e-10
2.627250584550539e-07,8.492180704842281e-10,8.210724186434432e-10
2.6326564499508486e-07,8.55577900751763e-10,8.286726841232021e-10
2.6380623153511583e-07,8.620125208923693e-10,8.364357560661084e-10
2.643468180751468e-07,8.684595526033532e-10,8.442022756511563e-10
2.648874046151778e-07,8.749202411753683e-10,8.51974671855794e-10
2.6542799115520876e-07,8.813484899729465e-10,8.595626454343219e-10
2.6596857769523974e-07,8.877814365374332e-10,8.671257790081959e-10
2.665091642352707e-07,8.942433340036013e-10,8.747121534552937e-10
2.670497507753017e-07,9.007233958115539e-10,8.823284345690883e-10
2.6759033731533267e-07,9.072332759175946e-10,8.899476507059639e-10
2.6813092385536364e-07,9.138169846224443e-10,8.976184966519829e-10
2.686715103953946e-07,9.204094791129759e-10,9.052924005944945e-10
2.692120969354256e-07,9.27031187331957e-10,9.129628110898075e-10
2.6975268347545657e-07,9.33696020272255e-10,9.206202258232648e-10
